Speaker,Unique Words,Total Words,Total Debates Present,Times Spoken,Average Times Spoken per Debate
TRUMP,1829,9805,8,446,55.75
CRUZ,2602,10171,9,276,30.666666666666668
RUBIO,2453,11338,9,243,27.0
KASICH,1819,7668,9,186,20.666666666666668
CARSON,1871,5738,9,137,15.222222222222221
BUSH,2220,8873,9,317,35.22222222222222
WALKER,633,1486,2,44,22.0
HUCKABEE,881,1985,3,58,19.333333333333332
PAUL,1440,4694,6,138,23.0
CHRISTIE,1716,6697,7,135,19.285714285714285
FIORINA,1318,3763,5,120,24.0
